{
  "minecraft:recipes/tools/flint_and_steel": {
    "criteria": {
      "has_obsidian": "2019-08-26 18:21:09 +0200"
    },
    "done": true
  },
  "biomesoplenty:recipes/transportation/boat_ethereal": {
    "criteria": {
      "entered_water": "2019-08-26 18:04:19 +0200"
    },
    "done": true
  },
  "biomesoplenty:recipes/transportation/boat_mahogany": {
    "criteria": {
      "entered_water": "2019-08-26 18:04:19 +0200"
    },
    "done": true
  },
  "biomesoplenty:recipes/transportation/boat_cherry": {
    "criteria": {
      "entered_water": "2019-08-26 18:04:19 +0200"
    },
    "done": true
  },
  "minecraft:recipes/transportation/dark_oak_boat": {
    "criteria": {
      "entered_water": "2019-08-26 18:04:19 +0200"
    },
    "done": true
  },
  "biomesoplenty:recipes/transportation/boat_jacaranda": {
    "criteria": {
      "entered_water": "2019-08-26 18:04:19 +0200"
    },
    "done": true
  },
  "biomesoplenty:recipes/transportation/boat_umbran": {
    "criteria": {
      "entered_water": "2019-08-26 18:04:19 +0200"
    },
    "done": true
  },
  "minecraft:story/enter_the_nether": {
    "criteria": {
      "entered_nether": "2019-08-26 18:21:46 +0200"
    },
    "done": true
  },
  "astralsorcery:root": {
    "criteria": {
      "astralsorcery_present": "2019-08-26 18:01:25 +0200"
    },
    "done": true
  },
  "biomesoplenty:biomesoplenty/all_biomes": {
    "criteria": {
      "phantasmagoric_inferno": "2019-08-26 18:21:55 +0200",
      "moor": "2019-08-26 18:04:45 +0200",
      "coniferous_forest": "2019-08-26 18:03:53 +0200",
      "shield": "2019-08-26 18:20:12 +0200",
      "corrupted_sands": "2019-08-26 18:22:28 +0200",
      "kelp_forest": "2019-08-26 18:04:00 +0200",
      "fungi_forest": "2019-08-26 18:22:33 +0200",
      "undergarden": "2019-08-26 18:21:59 +0200"
    },
    "done": false
  },
  "enderio:root": {
    "criteria": {
      "location": "2019-08-26 18:02:38 +0200"
    },
    "done": true
  },
  "minecraft:nether/root": {
    "criteria": {
      "entered_nether": "2019-08-26 18:21:46 +0200"
    },
    "done": true
  },
  "biomesoplenty:recipes/transportation/boat_fir": {
    "criteria": {
      "entered_water": "2019-08-26 18:04:19 +0200"
    },
    "done": true
  },
  "minecraft:adventure/adventuring_time": {
    "criteria": {
      "swampland": "2019-08-26 18:00:29 +0200",
      "beaches": "2019-08-26 18:02:04 +0200",
      "ocean": "2019-08-26 18:01:59 +0200",
      "extreme_hills": "2019-08-26 18:20:12 +0200",
      "river": "2019-08-26 18:03:51 +0200",
      "stone_beach": "2019-08-26 18:20:58 +0200"
    },
    "done": false
  },
  "buildcraftenergy:sticky_dipping": {
    "criteria": {
      "oil": "2019-08-26 18:04:19 +0200"
    },
    "done": true
  },
  "biomesoplenty:recipes/transportation/boat_magic": {
    "criteria": {
      "entered_water": "2019-08-26 18:04:19 +0200"
    },
    "done": true
  },
  "biomesoplenty:recipes/transportation/boat_ebony": {
    "criteria": {
      "entered_water": "2019-08-26 18:04:19 +0200"
    },
    "done": true
  },
  "minecraft:recipes/transportation/birch_boat": {
    "criteria": {
      "entered_water": "2019-08-26 18:04:19 +0200"
    },
    "done": true
  },
  "biomesoplenty:recipes/transportation/boat_hellbark": {
    "criteria": {
      "entered_water": "2019-08-26 18:04:19 +0200"
    },
    "done": true
  },
  "biomesoplenty:recipes/transportation/boat_willow": {
    "criteria": {
      "entered_water": "2019-08-26 18:04:19 +0200"
    },
    "done": true
  },
  "minecraft:recipes/decorations/enchanting_table": {
    "criteria": {
      "has_obsidian": "2019-08-26 18:21:09 +0200"
    },
    "done": true
  },
  "biomesoplenty:recipes/transportation/boat_sacred_oak": {
    "criteria": {
      "entered_water": "2019-08-26 18:04:19 +0200"
    },
    "done": true
  },
  "biomesoplenty:recipes/transportation/boat_mangrove": {
    "criteria": {
      "entered_water": "2019-08-26 18:04:19 +0200"
    },
    "done": true
  },
  "minecraft:recipes/transportation/acacia_boat": {
    "criteria": {
      "entered_water": "2019-08-26 18:04:19 +0200"
    },
    "done": true
  },
  "biomesoplenty:recipes/transportation/boat_pine": {
    "criteria": {
      "entered_water": "2019-08-26 18:04:19 +0200"
    },
    "done": true
  },
  "biomesoplenty:recipes/transportation/boat_palm": {
    "criteria": {
      "entered_water": "2019-08-26 18:04:19 +0200"
    },
    "done": true
  },
  "biomesoplenty:recipes/transportation/boat_redwood": {
    "criteria": {
      "entered_water": "2019-08-26 18:04:19 +0200"
    },
    "done": true
  },
  "minecraft:recipes/transportation/boat": {
    "criteria": {
      "entered_water": "2019-08-26 18:04:19 +0200"
    },
    "done": true
  },
  "biomesoplenty:recipes/transportation/boat_eucalyptus": {
    "criteria": {
      "entered_water": "2019-08-26 18:04:19 +0200"
    },
    "done": true
  },
  "minecraft:story/form_obsidian": {
    "criteria": {
      "obsidian": "2019-08-26 18:21:09 +0200"
    },
    "done": true
  },
  "minecraft:recipes/transportation/jungle_boat": {
    "criteria": {
      "entered_water": "2019-08-26 18:04:19 +0200"
    },
    "done": true
  },
  "minecraft:recipes/transportation/spruce_boat": {
    "criteria": {
      "entered_water": "2019-08-26 18:04:19 +0200"
    },
    "done": true
  }
}